manga_id,url_manga,title,title_english,title_japanese,chapters,volumes,status,start_published,end_published,score,rank,authors,genres,themes
1,https://myanimelist.net/manga/1/Monster,Monster,Monster,MONSTER,162.0,18.0,Finished,1994-12-05T00:00:00+00:00,2001-12-20T00:00:00+00:00,9.15,5.0,"['Urasawa, Naoki']","['Award Winning', 'Drama', 'Mystery']","['Adult Cast', 'Psychological']"
2,https://myanimelist.net/manga/2/Berserk,Berserk,Berserk,ベルセルク,,,Publishing,1989-08-25T00:00:00+00:00,,9.47,1.0,"['Miura, Kentarou', 'Studio Gaga']","['Action', 'Adventure', 'Award Winning', 'Drama', 'Fantasy', 'Horror', 'Supernatural']","['Gore', 'Military', 'Mythology', 'Psychological']"
3,https://myanimelist.net/manga/3/20th_Century_Boys,20th Century Boys,20th Century Boys,20世紀少年,249.0,22.0,Finished,1999-09-27T00:00:00+00:00,2006-04-24T00:00:00+00:00,8.95,13.0,"['Urasawa, Naoki']","['Award Winning', 'Drama', 'Mystery', 'Sci-Fi']","['Historical', 'Psychological']"
4,https://myanimelist.net/manga/4/Yokohama_Kaidashi_Kikou,Yokohama Kaidashi Kikou,Yokohama Kaidashi Kikou,ヨコハマ買い出し紀行,142.0,14.0,Finished,1994-04-25T00:00:00+00:00,2006-02-25T00:00:00+00:00,8.67,61.0,"['Ashinano, Hitoshi']","['Award Winning', 'Drama', 'Sci-Fi', 'Slice of Life']",['Iyashikei']
7,https://myanimelist.net/manga/7/Hajime_no_Ippo,Hajime no Ippo,Hajime no Ippo: Fighting Spirit!,はじめの一歩,,,Publishing,1989-09-27T00:00:00+00:00,,8.73,45.0,"['Morikawa, George']","['Award Winning', 'Sports']",['Combat Sports']
8,https://myanimelist.net/manga/8/Full_Moon_wo_Sagashite,Full Moon wo Sagashite,Full Moon wo Sagashite,満月〈フルムーン〉をさがして,35.0,7.0,Finished,2001-12-01T00:00:00+00:00,2004-04-30T00:00:00+00:00,8.04,675.0,"['Tanemura, Arina']","['Comedy', 'Drama', 'Fantasy', 'Romance', 'Supernatural']","['Music', 'Showbiz']"
9,https://myanimelist.net/manga/9/Tsubasa__RESERVoir_CHRoNiCLE,Tsubasa: RESERVoir CHRoNiCLE,Tsubasa: RESERVoir CHRoNiCLE,ツバサ -RESERVoir CHRoNiCLE-,233.0,28.0,Finished,2003-05-21T00:00:00+00:00,2009-10-07T00:00:00+00:00,8.3,295.0,['CLAMP'],"['Action', 'Adventure', 'Drama', 'Fantasy']",[]
10,https://myanimelist.net/manga/10/xxxHOLiC,xxxHOLiC,xxxHOLiC,xxxHOLiC,213.0,19.0,Finished,2003-02-24T00:00:00+00:00,2011-02-09T00:00:00+00:00,8.37,234.0,['CLAMP'],"['Comedy', 'Drama', 'Mystery', 'Supernatural']",[]
11,https://myanimelist.net/manga/11/Naruto,Naruto,Naruto,NARUTO―ナルト―,700.0,72.0,Finished,1999-09-21T00:00:00+00:00,2014-11-10T00:00:00+00:00,8.07,616.0,"['Kishimoto, Masashi']","['Action', 'Adventure', 'Fantasy']",['Martial Arts']
12,https://myanimelist.net/manga/12/Bleach,Bleach,Bleach,BLEACH,705.0,74.0,Finished,2001-08-07T00:00:00+00:00,2016-08-22T00:00:00+00:00,7.86,1085.0,"['Kubo, Tite']","['Action', 'Adventure', 'Award Winning', 'Fantasy']",[]
13,https://myanimelist.net/manga/13/One_Piece,One Piece,One Piece,ONE PIECE,,,Publishing,1997-07-22T00:00:00+00:00,,9.22,4.0,"['Oda, Eiichiro']","['Action', 'Adventure', 'Fantasy']",[]
14,https://myanimelist.net/manga/14/Rave,Rave,Rave Master,RAVE,298.0,35.0,Finished,1999-07-07T00:00:00+00:00,2005-07-27T00:00:00+00:00,7.85,1131.0,"['Mashima, Hiro']","['Adventure', 'Comedy', 'Fantasy']",[]
15,https://myanimelist.net/manga/15/Mahou_Sensei_Negima,Mahou Sensei Negima!,Negima! Magister Negi Magi,魔法先生ネギま!,355.0,38.0,Finished,2003-02-26T00:00:00+00:00,2012-03-14T00:00:00+00:00,7.93,896.0,"['Akamatsu, Ken']","['Action', 'Adventure', 'Comedy', 'Fantasy', 'Romance', 'Supernatural', 'Ecchi']","['Harem', 'Martial Arts', 'School']"
16,https://myanimelist.net/manga/16/Love_Hina,Love Hina,Love Hina,ラブひな,120.0,14.0,Finished,1998-10-21T00:00:00+00:00,2001-10-31T00:00:00+00:00,7.79,1310.0,"['Akamatsu, Ken']","['Award Winning', 'Comedy', 'Romance', 'Ecchi']",['Harem']
17,https://myanimelist.net/manga/17/Kareshi_Kanojo_no_Jijou,Kareshi Kanojo no Jijou,Kare Kano: His and Her Circumstances,彼氏彼女の事情,108.0,21.0,Finished,1995-12-22T00:00:00+00:00,2005-05-10T00:00:00+00:00,8.16,469.0,"['Tsuda, Masami']","['Comedy', 'Drama', 'Romance']",['School']
18,https://myanimelist.net/manga/18/Kodomo_no_Omocha,Kodomo no Omocha,Kodocha: Sana's Stage,こどものおもちゃ,54.0,10.0,Finished,1994-07-02T00:00:00+00:00,1998-10-03T00:00:00+00:00,8.3,295.0,"['Obana, Miho']","['Award Winning', 'Comedy', 'Drama', 'Romance', 'Slice of Life']","['Love Polygon', 'School', 'Showbiz']"
19,https://myanimelist.net/manga/19/GetBackers,GetBackers,GetBackers,GetBackers -奪還屋-,344.0,39.0,Finished,1999-03-24T00:00:00+00:00,2007-02-21T00:00:00+00:00,7.62,2097.0,"['Kibayashi, Shin', 'Ayamine, Rando']","['Action', 'Comedy', 'Drama', 'Mystery', 'Supernatural', 'Ecchi']",[]
20,https://myanimelist.net/manga/20/Hikaru_no_Go,Hikaru no Go,Hikaru no Go,ヒカルの碁,198.0,23.0,Finished,1998-12-08T00:00:00+00:00,2003-07-14T00:00:00+00:00,8.12,528.0,"['Obata, Takeshi', 'Hotta, Yumi']","['Award Winning', 'Comedy', 'Drama', 'Supernatural']",['Strategy Game']
21,https://myanimelist.net/manga/21/Death_Note,Death Note,Death Note,DEATH NOTE,108.0,12.0,Finished,2003-12-01T00:00:00+00:00,2006-05-15T00:00:00+00:00,8.69,52.0,"['Obata, Takeshi', 'Ohba, Tsugumi']","['Supernatural', 'Suspense']",['Psychological']
22,https://myanimelist.net/manga/22/Rurouni_Kenshin__Meiji_Kenkaku_Romantan,Rurouni Kenshin: Meiji Kenkaku Romantan,Rurouni Kenshin: Meiji Swordsman Romantic Story,るろうに剣心 -明治剣客浪漫譚-,259.0,28.0,Finished,1994-04-12T00:00:00+00:00,1999-09-21T00:00:00+00:00,8.56,107.0,"['Watsuki, Nobuhiro']","['Action', 'Drama']","['Historical', 'Samurai']"
23,https://myanimelist.net/manga/23/Ranma_½,Ranma ½,Ranma 1/2,らんま½,407.0,38.0,Finished,1987-08-05T00:00:00+00:00,1996-02-21T00:00:00+00:00,7.98,779.0,"['Takahashi, Rumiko']","['Action', 'Comedy', 'Romance', 'Ecchi']","['Harem', 'Martial Arts', 'School']"
24,https://myanimelist.net/manga/24/DGray-man,D.Gray-man,D.Gray-man,D.Gray-man,,,Publishing,2004-05-31T00:00:00+00:00,,8.28,324.0,"['Hoshino, Katsura']","['Action', 'Adventure', 'Fantasy']",[]
25,https://myanimelist.net/manga/25/Fullmetal_Alchemist,Fullmetal Alchemist,Fullmetal Alchemist,鋼の錬金術師,116.0,27.0,Finished,2001-07-12T00:00:00+00:00,2010-09-11T00:00:00+00:00,9.03,8.0,"['Arakawa, Hiromu']","['Action', 'Adventure', 'Award Winning', 'Drama', 'Fantasy']",['Military']
26,https://myanimelist.net/manga/26/Hunter_x_Hunter,Hunter x Hunter,Hunter x Hunter,HUNTER×HUNTER,,,Publishing,1998-03-03T00:00:00+00:00,,8.74,43.0,"['Togashi, Yoshihiro']","['Action', 'Adventure', 'Fantasy']",[]
27,https://myanimelist.net/manga/27/X,X,X,X,158.0,18.0,On Hiatus,1992-03-24T00:00:00+00:00,2003-03-24T00:00:00+00:00,8.1,575.0,['CLAMP'],"['Action', 'Drama', 'Fantasy', 'Supernatural']","['Psychological', 'Super Power']"
28,https://myanimelist.net/manga/28/Nana,Nana,Nana,NANA,84.0,21.0,On Hiatus,2000-05-26T00:00:00+00:00,2009-05-26T00:00:00+00:00,8.79,36.0,"['Yazawa, Ai']","['Award Winning', 'Drama', 'Romance']","['Adult Cast', 'Love Polygon', 'Music']"
29,https://myanimelist.net/manga/29/Paradise_Kiss,Paradise Kiss,Paradise Kiss,パラダイス・キス,48.0,5.0,Finished,1999-03-23T00:00:00+00:00,2003-03-22T00:00:00+00:00,8.29,315.0,"['Yazawa, Ai']","['Drama', 'Romance']","['School', 'Visual Arts']"
30,https://myanimelist.net/manga/30/Ouran_Koukou_Host_Club,Ouran Koukou Host Club,Ouran High School Host Club,桜蘭高校ホスト部,87.0,18.0,Finished,2002-07-24T00:00:00+00:00,2010-09-24T00:00:00+00:00,8.5,145.0,"['Hatori, Bisco']","['Comedy', 'Drama', 'Romance']","['Crossdressing', 'Reverse Harem', 'School']"
31,https://myanimelist.net/manga/31/Lovely★Complex,Lovely★Complex,Love★Com,ラブ★コン,68.0,17.0,Finished,2001-08-13T00:00:00+00:00,2007-08-13T00:00:00+00:00,8.33,270.0,"['Nakahara, Aya']","['Award Winning', 'Comedy', 'Drama', 'Romance']",['School']
32,https://myanimelist.net/manga/32/666_Satan,666 Satan,O-Parts Hunter,666〜サタン〜,78.0,19.0,Finished,2001-08-11T00:00:00+00:00,2007-12-12T00:00:00+00:00,7.44,3339.0,"['Kishimoto, Seishi']","['Action', 'Adventure', 'Comedy', 'Drama', 'Fantasy', 'Supernatural']",[]
33,https://myanimelist.net/manga/33/Pita-Ten,Pita-Ten,Pita-Ten,ぴたテン,47.0,8.0,Finished,1999-08-27T00:00:00+00:00,2003-06-27T00:00:00+00:00,7.38,3933.0,['Koge-Donbo*'],"['Comedy', 'Drama', 'Fantasy', 'Romance']",[]
34,https://myanimelist.net/manga/34/Di_Gi_Charat__Koushiki_Comic_Anthology,Di Gi Charat: Koushiki Comic Anthology,Di Gi Charat,デ・ジ・キャラット 公式コミックアンソロジー,72.0,4.0,Finished,1998-07-01T00:00:00+00:00,2000-03-01T00:00:00+00:00,6.53,15137.0,"['Koge-Donbo*', 'Ootsuki, Yuuko', 'Fujieda, Miyabi', 'Kiriga, Yuki', 'Minamoto, Hisanari', 'Morisaki, Kurumi', 'Nekoma, Kotomi']","['Comedy', 'Fantasy', 'Sci-Fi']",[]
35,https://myanimelist.net/manga/35/Kamichama_Karin,Kamichama Karin,Kamichama Karin,かみちゃまかりん,32.0,7.0,Finished,2002-11-02T00:00:00+00:00,2008-04-03T00:00:00+00:00,7.5,2868.0,['Koge-Donbo*'],"['Comedy', 'Drama', 'Fantasy', 'Romance']",['Mahou Shoujo']
36,https://myanimelist.net/manga/36/Kamikaze_Kaitou_Jeanne,Kamikaze Kaitou Jeanne,Phantom Thief Jeanne,神風怪盗ジャンヌ,33.0,7.0,Finished,1997-12-29T00:00:00+00:00,2000-06-03T00:00:00+00:00,7.79,1318.0,"['Tanemura, Arina']","['Action', 'Drama', 'Romance', 'Supernatural']","['Mahou Shoujo', 'Reincarnation', 'School']"
37,https://myanimelist.net/manga/37/Shinshi_Doumei_Cross,Shinshi Doumei Cross,The Gentleman's Alliance Cross,紳士同盟†,59.0,11.0,Finished,2004-08-03T00:00:00+00:00,2008-06-03T00:00:00+00:00,7.85,1112.0,"['Tanemura, Arina']","['Comedy', 'Drama', 'Romance']",['School']
38,https://myanimelist.net/manga/38/_Anima,+Anima,+Anima,+ANIMA,59.0,10.0,Finished,1999-12-27T00:00:00+00:00,2005-01-27T00:00:00+00:00,7.65,1954.0,"['Mukai, Natsumi']","['Adventure', 'Fantasy']",[]
39,https://myanimelist.net/manga/39/Zombie_Powder,Zombie Powder.,Zombiepowder.,ZOMBIEPOWDER.,30.0,4.0,Finished,1999-07-19T00:00:00+00:00,2000-02-15T00:00:00+00:00,6.98,9022.0,"['Kubo, Tite']","['Action', 'Comedy', 'Supernatural']",[]
40,https://myanimelist.net/manga/40/Black_Cat,Black Cat,Black Cat,BLACK CAT,187.0,20.0,Finished,2000-07-11T00:00:00+00:00,2004-06-14T00:00:00+00:00,7.79,1326.0,"['Yabuki, Kentarou']","['Action', 'Adventure', 'Comedy', 'Fantasy']",[]
41,https://myanimelist.net/manga/41/Busou_Renkin,Busou Renkin,Buso Renkin,武装錬金,83.0,10.0,Finished,2003-06-23T00:00:00+00:00,2006-04-25T00:00:00+00:00,7.26,5194.0,"['Watsuki, Nobuhiro']","['Action', 'Comedy', 'Fantasy', 'Supernatural']",['School']
42,https://myanimelist.net/manga/42/Dragon_Ball,Dragon Ball,Dragon Ball,ドラゴンボール,520.0,42.0,Finished,1984-11-20T00:00:00+00:00,1995-05-23T00:00:00+00:00,8.41,203.0,"['Toriyama, Akira']","['Action', 'Adventure', 'Comedy', 'Sci-Fi']","['Martial Arts', 'Super Power']"
43,https://myanimelist.net/manga/43/Eyeshield_21,Eyeshield 21,Eyeshield 21,アイシールド21,333.0,37.0,Finished,2002-07-23T00:00:00+00:00,2009-06-15T00:00:00+00:00,8.47,166.0,"['Inagaki, Riichiro', 'Murata, Yusuke']",['Sports'],['Team Sports']
44,https://myanimelist.net/manga/44/Gintama,Gintama,Gin Tama,銀魂,709.0,77.0,Finished,2003-12-08T00:00:00+00:00,2019-06-20T00:00:00+00:00,8.63,79.0,"['Sorachi, Hideaki']","['Action', 'Comedy', 'Sci-Fi']","['Gag Humor', 'Historical', 'Parody', 'Samurai']"
45,https://myanimelist.net/manga/45/Ichigo_100,Ichigo 100%,Strawberry 100%,いちご100%,167.0,19.0,Finished,2002-02-19T00:00:00+00:00,2005-08-01T00:00:00+00:00,7.77,1395.0,"['Kawashita, Mizuki']","['Comedy', 'Drama', 'Romance', 'Ecchi']","['Harem', 'School']"
46,https://myanimelist.net/manga/46/Kannade,Kannade,,神撫手,15.0,2.0,Finished,2003-09-22T00:00:00+00:00,2003-12-15T00:00:00+00:00,6.8,11585.0,"['Horibe, Takeo']","['Action', 'Mystery']",[]
47,https://myanimelist.net/manga/47/Katekyou_Hitman_Reborn,Katekyou Hitman Reborn!,Reborn!,家庭教師〈かてきょー〉ヒットマンREBORN!,411.0,42.0,Finished,2004-05-24T00:00:00+00:00,2012-11-12T00:00:00+00:00,8.12,529.0,"['Amano, Akira']","['Action', 'Comedy']","['Organized Crime', 'School', 'Super Power']"
48,https://myanimelist.net/manga/48/Pretty_Face,Pretty Face,Pretty Face,プリティフェイス,53.0,6.0,Finished,2002-05-14T00:00:00+00:00,2003-06-09T00:00:00+00:00,7.57,2393.0,"['Kano, Yasuhiro']","['Comedy', 'Romance', 'Ecchi']","['Magical Sex Shift', 'School']"
49,https://myanimelist.net/manga/49/Tennis_no_Oujisama,Tennis no Oujisama,The Prince of Tennis,テニスの王子様,382.0,42.0,Finished,1999-07-06T00:00:00+00:00,2008-03-03T00:00:00+00:00,7.71,1637.0,"['Konomi, Takeshi']",['Sports'],['School']
50,https://myanimelist.net/manga/50/Shaman_King,Shaman King,Shaman King,シャーマンキング,288.0,32.0,Finished,1998-06-30T00:00:00+00:00,2004-08-30T00:00:00+00:00,7.78,1362.0,"['Takei, Hiroyuki']","['Action', 'Adventure', 'Comedy', 'Supernatural']",['Super Power']
51,https://myanimelist.net/manga/51/Slam_Dunk,Slam Dunk,Slam Dunk,SLAM DUNK,276.0,31.0,Finished,1990-09-18T00:00:00+00:00,1996-06-04T00:00:00+00:00,9.09,6.0,"['Inoue, Takehiko']","['Award Winning', 'Sports']","['School', 'Team Sports']"
52,https://myanimelist.net/manga/52/Whistle,Whistle!,Whistle!,ホイッスル!,216.0,24.0,Finished,1998-02-24T00:00:00+00:00,2002-10-08T00:00:00+00:00,7.8,1284.0,"['Higuchi, Daisuke']","['Drama', 'Sports']",['Team Sports']
53,https://myanimelist.net/manga/53/Yuu☆Yuu☆Hakusho,Yuu☆Yuu☆Hakusho,Yu Yu Hakusho,幽☆遊☆白書,176.0,19.0,Finished,1990-11-20T00:00:00+00:00,1994-07-12T00:00:00+00:00,8.2,422.0,"['Togashi, Yoshihiro']","['Action', 'Award Winning', 'Comedy', 'Drama', 'Supernatural']",[]
54,https://myanimelist.net/manga/54/Yu☆Gi☆Oh,Yu☆Gi☆Oh!,Yu-Gi-Oh!,遊☆戯☆王,343.0,38.0,Finished,1996-09-17T00:00:00+00:00,2004-03-08T00:00:00+00:00,7.66,1881.0,"['Takahashi, Kazuki']","['Action', 'Adventure', 'Comedy', 'Drama', 'Fantasy', 'Mystery', 'Supernatural']","['Historical', 'School', 'Strategy Game']"
55,https://myanimelist.net/manga/55/Aishiteruze_Baby★★,Aishiteruze Baby★★,Aishiteruze Baby,愛してるぜ ベイベ★★,33.0,7.0,Finished,2002-03-02T00:00:00+00:00,2004-12-01T00:00:00+00:00,7.9,966.0,"['Maki, Youko']","['Comedy', 'Drama', 'Romance']","['Childcare', 'School']"
56,https://myanimelist.net/manga/56/Caramel_Diary,Caramel Diary,,きゃらめるダイアリー,5.0,1.0,Finished,1999-03-18T00:00:00+00:00,1999-09-18T00:00:00+00:00,6.62,14006.0,"['Mizusawa, Megumi']","['Comedy', 'Romance']",['School']
57,https://myanimelist.net/manga/57/Hanazakari_no_Kimitachi_e,Hanazakari no Kimitachi e,Hana-Kimi: For You in Full Blossom,花ざかりの君たちへ,148.0,23.0,Finished,1996-08-20T00:00:00+00:00,2004-08-20T00:00:00+00:00,8.28,325.0,"['Nakajo, Hisaya']","['Comedy', 'Drama', 'Romance']","['Crossdressing', 'Love Polygon', 'School']"
58,https://myanimelist.net/manga/58/W-Juliet,W-Juliet,W-Juliet,Wジュリエット,79.0,14.0,Finished,1997-10-15T00:00:00+00:00,2002-11-20T00:00:00+00:00,7.89,1014.0,['Emura'],"['Comedy', 'Drama', 'Romance', 'Slice of Life']","['Crossdressing', 'Performing Arts', 'School']"
59,https://myanimelist.net/manga/59/√WPB,√W.P.B.,,√W.P.B.,12.0,2.0,Finished,2002-09-18T00:00:00+00:00,2004-07-17T00:00:00+00:00,,18814.0,"['Nakamura, Shungiku']","['Action', 'Adventure', 'Comedy', 'Fantasy']",[]
60,https://myanimelist.net/manga/60/π,π,,π（パイ）,101.0,9.0,Finished,2002-09-09T00:00:00+00:00,2005-02-21T00:00:00+00:00,,18815.0,"['Furuya, Usamaru']","['Comedy', 'Romance', 'Ecchi']",['School']
61,https://myanimelist.net/manga/61/Seito_no_Shucho_Kyoushi_no_Honbun,Seito no Shucho Kyoushi no Honbun,"...But, I'm Your Teacher",生徒の主張・教師の本分,7.0,1.0,Finished,1997-07-01T00:00:00+00:00,,6.48,,"['Takakura, Row']","['Boys Love', 'Drama', 'Erotica']",['Psychological']
62,https://myanimelist.net/manga/62/±_Junkie,± Junkie,,±ジャンキー,4.0,1.0,Finished,2003-06-03T00:00:00+00:00,2003-09-03T00:00:00+00:00,6.18,17701.0,"['Asahina, Yuuya']","['Drama', 'Romance']",['School']
63,https://myanimelist.net/manga/63/Aruto_no_A,"""Aruto"" no ""A""",,「あると」の「あ」,,4.0,Finished,1988-11-12T00:00:00+00:00,1990-01-01T00:00:00+00:00,,18816.0,"['Akaishi, Michiyo']","['Drama', 'Romance']",['Music']
64,https://myanimelist.net/manga/64/13_Nichi_wa_Kinyoubi,13 Nichi wa Kinyoubi?,,13日は金曜日?,15.0,3.0,Finished,2003-03-03T00:00:00+00:00,2004-10-18T00:00:00+00:00,6.73,12622.0,"['Enomoto, Chizuru']","['Mystery', 'Supernatural']",['School']
65,https://myanimelist.net/manga/65/17-sai__Hajimete_no_H,17-sai: Hajimete no H,,17歳 初めてのＨ,7.0,1.0,Finished,2001-06-26T00:00:00+00:00,,6.45,15942.0,"['Shinjou, Mayu', 'Minami, Kanan', 'Shigano, Iori', 'Ayukawa, Mio', 'Kousaka, Yuuka', 'Sakurai, Miya', 'Masuzaki, Yoshino']","['Drama', 'Romance']",[]
66,https://myanimelist.net/manga/66/Ninin_ga_Shinobuden,Ninin ga Shinobuden,Ninja Nonsense,ニニンがシノブ伝,68.0,4.0,Finished,2000-07-18T00:00:00+00:00,2006-01-21T00:00:00+00:00,7.02,8377.0,"['Koga, Ryoichi']",['Comedy'],['Gag Humor']
67,https://myanimelist.net/manga/67/2001-ya_Monogatari,2001-ya Monogatari,2001 Nights,2001夜物語,20.0,3.0,Finished,1984-05-05T00:00:00+00:00,1986-05-06T00:00:00+00:00,7.83,1200.0,"['Hoshino, Yukinobu']","['Drama', 'Sci-Fi']",['Space']
68,https://myanimelist.net/manga/68/337_Byooshi,3.3.7 Byooshi!!,,3.3.7ビョーシ!!,86.0,10.0,Finished,2001-07-25T00:00:00+00:00,2003-06-11T00:00:00+00:00,7.09,7384.0,"['Kubo, Mitsurou']","['Comedy', 'Drama', 'Romance', 'Ecchi']",[]
69,https://myanimelist.net/manga/69/Suki_to_Ienai,"""Suki"" to Ienai.",,“すき”と言えない。,1.0,,Finished,2006-10-14T00:00:00+00:00,,6.74,12426.0,"['Miyawaki, Yukino']",['Romance'],[]
70,https://myanimelist.net/manga/70/Übel_Blatt,Übel Blatt,Ubel Blatt,Übel Blatt ～ユーベルブラット～,167.0,23.0,Finished,2004-12-03T00:00:00+00:00,2019-03-25T00:00:00+00:00,7.63,2061.0,"['Shiono, Etorouji']","['Action', 'Adventure', 'Fantasy', 'Ecchi']",[]
71,https://myanimelist.net/manga/71/Zettai_Kareshi,Zettai Kareshi.,Absolute Boyfriend,絶対彼氏。,35.0,6.0,Finished,2003-05-20T00:00:00+00:00,2004-10-05T00:00:00+00:00,7.68,1799.0,"['Watase, Yuu']","['Comedy', 'Drama', 'Romance', 'Sci-Fi']",['School']
72,https://myanimelist.net/manga/72/Abenobashi_Mahou☆Shoutengai,Abenobashi Mahou☆Shoutengai,Magical Shopping Arcade Abenobashi,アベノ橋 魔法☆商店街,12.0,2.0,Finished,2001-07-26T00:00:00+00:00,2002-06-26T00:00:00+00:00,6.55,14841.0,"['Akahori, Satoru', 'Deguchi, Ryuusei']","['Adventure', 'Comedy', 'Fantasy', 'Ecchi']",['Isekai']
73,https://myanimelist.net/manga/73/Tenjou_Tenge,Tenjou Tenge,Tenjho Tenge,天上天下,136.0,22.0,Finished,1997-10-18T00:00:00+00:00,2010-08-19T00:00:00+00:00,7.25,5328.0,['Oh! Great'],"['Action', 'Drama', 'Romance', 'Supernatural', 'Ecchi']","['Martial Arts', 'School']"
74,https://myanimelist.net/manga/74/Air_Gear,Air Gear,Air Gear,エア・ギア,358.0,37.0,Finished,2002-11-06T00:00:00+00:00,2012-05-23T00:00:00+00:00,7.78,1358.0,['Oh! Great'],"['Action', 'Award Winning', 'Supernatural', 'Ecchi']",['School']
75,https://myanimelist.net/manga/75/Ai_yori_Aoshi,Ai yori Aoshi,Ai yori Aoshi,藍より青し,153.0,17.0,Finished,1998-11-27T00:00:00+00:00,2005-08-26T00:00:00+00:00,7.53,2718.0,"['Fumizuki, Kou']","['Comedy', 'Drama', 'Romance', 'Ecchi']",['Harem']
76,https://myanimelist.net/manga/76/Akachan_to_Boku,Akachan to Boku,Baby & Me,赤ちゃんと僕,108.0,18.0,Finished,1991-05-02T00:00:00+00:00,1997-06-20T00:00:00+00:00,7.64,1998.0,"['Ragawa, Marimo']","['Award Winning', 'Comedy', 'Drama', 'Slice of Life']",['Childcare']
77,https://myanimelist.net/manga/77/Alice_19th,Alice 19th,Alice 19th,ありす19th,40.0,7.0,Finished,2001-06-20T00:00:00+00:00,2003-03-05T00:00:00+00:00,7.34,4297.0,"['Watase, Yuu']","['Comedy', 'Drama', 'Fantasy', 'Romance', 'Supernatural']","['Psychological', 'School']"
78,https://myanimelist.net/manga/78/Alichino,Alichino,Alichino,ALICHINO 〜アリキーノ〜,17.0,3.0,Finished,1998-11-01T00:00:00+00:00,2001-05-01T00:00:00+00:00,7.06,7796.0,"['Shurei, Kouyu']","['Fantasy', 'Supernatural']",[]
79,https://myanimelist.net/manga/79/Sora_wa_Akai_Kawa_no_Hotori,Sora wa Akai Kawa no Hotori,Red River,天は赤い河のほとり,96.0,28.0,Finished,1995-01-05T00:00:00+00:00,2002-06-05T00:00:00+00:00,8.3,296.0,"['Shinohara, Chie']","['Action', 'Adventure', 'Award Winning', 'Drama', 'Fantasy', 'Romance', 'Supernatural']","['Historical', 'Time Travel']"
80,https://myanimelist.net/manga/80/Angelic_Layer,Angelic Layer,Angelic Layer,ANGELIC LAYER,28.0,5.0,Finished,1998-12-26T00:00:00+00:00,2001-09-26T00:00:00+00:00,7.12,6921.0,['CLAMP'],"['Action', 'Comedy', 'Drama', 'Sci-Fi']",['Strategy Game']
81,https://myanimelist.net/manga/81/Aria,Aria,Aria,ARIA,67.0,12.0,Finished,2002-02-28T00:00:00+00:00,2008-02-29T00:00:00+00:00,8.63,80.0,"['Amano, Kozue']","['Adventure', 'Comedy', 'Drama', 'Sci-Fi', 'Slice of Life']",['Iyashikei']
83,https://myanimelist.net/manga/83/Ayashi_no_Ceres,Ayashi no Ceres,Ceres: Celestial Legend,妖しのセレス,83.0,14.0,Finished,1996-08-05T00:00:00+00:00,2000-01-20T00:00:00+00:00,7.57,2394.0,"['Watase, Yuu']","['Award Winning', 'Drama', 'Fantasy', 'Mystery', 'Romance', 'Sci-Fi', 'Supernatural']",[]
84,https://myanimelist.net/manga/84/Fushigi_Yuugi,Fushigi Yuugi,Fushigi Yugi,ふしぎ遊戯,106.0,18.0,Finished,1992-05-01T00:00:00+00:00,1996-07-01T00:00:00+00:00,7.63,2078.0,"['Watase, Yuu']","['Action', 'Adventure', 'Drama', 'Fantasy', 'Romance']","['Historical', 'Isekai', 'Reverse Harem']"
85,https://myanimelist.net/manga/85/Azumanga_Daioh,Azumanga Daioh,Azumanga Daioh,あずまんが大王,69.0,4.0,Finished,1999-01-18T00:00:00+00:00,2002-03-21T00:00:00+00:00,8.37,235.0,"['Azuma, Kiyohiko']","['Comedy', 'Slice of Life']","['CGDCT', 'School']"
86,https://myanimelist.net/manga/86/Time_Stranger_Kyoko,Time Stranger Kyoko,Time Stranger Kyoko,時空異邦人KYOKO,13.0,3.0,Finished,2000-08-03T00:00:00+00:00,2001-08-03T00:00:00+00:00,7.19,6050.0,"['Tanemura, Arina']","['Adventure', 'Fantasy', 'Romance']",[]
87,https://myanimelist.net/manga/87/Tactics,Tactics,Tactics,tactics,82.0,15.0,Finished,2000-12-18T00:00:00+00:00,2013-04-15T00:00:00+00:00,7.35,4170.0,"['Kinoshita, Sakura', 'Higashiyama, Kazuko']","['Mystery', 'Supernatural']","['Historical', 'Mythology']"
88,https://myanimelist.net/manga/88/Angel_Dust,Angel/Dust,Angel/Dust,ANGEL/DUST,9.0,1.0,Finished,2000-04-10T00:00:00+00:00,2000-12-09T00:00:00+00:00,6.35,16764.0,"['Nanase, Aoi']","['Fantasy', 'Girls Love']",[]
89,https://myanimelist.net/manga/89/Gals,Gals!,GALS!,GALS！,40.0,10.0,Finished,1999-08-01T00:00:00+00:00,2002-07-15T00:00:00+00:00,7.41,3621.0,"['Fujii, Mihona']","['Comedy', 'Drama', 'Romance', 'Slice of Life']",['School']
90,https://myanimelist.net/manga/90/Loveless,Loveless,Loveless,LOVELESS,,,Publishing,2001-11-17T00:00:00+00:00,,7.63,2079.0,"['Kouga, Yun']","['Boys Love', 'Fantasy', 'Mystery']",[]
91,https://myanimelist.net/manga/91/Marmalade_Boy,Marmalade Boy,Marmalade Boy,ママレード・ボーイ,40.0,8.0,Finished,1992-05-01T00:00:00+00:00,1995-10-01T00:00:00+00:00,7.58,2369.0,"['Yoshizumi, Wataru']","['Comedy', 'Drama', 'Romance']",[]
92,https://myanimelist.net/manga/92/Bishoujo_Senshi_Sailor_Moon,Bishoujo Senshi Sailor Moon,Sailor Moon,美少女戦士セーラームーン,61.0,18.0,Finished,1991-12-28T00:00:00+00:00,1997-02-03T00:00:00+00:00,8.2,423.0,"['Takeuchi, Naoko']","['Award Winning', 'Drama', 'Fantasy', 'Romance']",['Mahou Shoujo']
93,https://myanimelist.net/manga/93/Megami_Kouhosei,Megami Kouhosei,The Candidate for Goddess,女神候補生,27.0,5.0,Finished,1996-11-01T00:00:00+00:00,2001-01-01T00:00:00+00:00,6.87,10508.0,"['Sugisaki, Yukiru']","['Adventure', 'Drama', 'Sci-Fi']",['Mecha']
94,https://myanimelist.net/manga/94/DNAngel,D.N.Angel,D.N. Angel,D・N・ANGEL,108.0,20.0,Finished,1997-01-01T00:00:00+00:00,2021-01-22T00:00:00+00:00,7.42,3515.0,"['Sugisaki, Yukiru']","['Comedy', 'Fantasy', 'Romance', 'Supernatural']",[]
95,https://myanimelist.net/manga/95/Lagoon_Engine,Lagoon Engine,Lagoon Engine,ラグーンエンジン,31.0,7.0,On Hiatus,2002-01-01T00:00:00+00:00,2007-11-01T00:00:00+00:00,6.93,9720.0,"['Sugisaki, Yukiru']","['Action', 'Comedy', 'Supernatural']",[]
96,https://myanimelist.net/manga/96/Lagoon_Engine_Einsatz,Lagoon Engine Einsatz,Lagoon Engine Einsatz,ラグーンエンジン アインザッツ,10.0,1.0,Finished,2004-10-01T00:00:00+00:00,2005-07-01T00:00:00+00:00,6.82,11266.0,"['Sugisaki, Yukiru']","['Action', 'Adventure', 'Fantasy', 'Sci-Fi', 'Supernatural']",[]
97,https://myanimelist.net/manga/97/DearS,DearS,DearS,ディアーズ,47.0,8.0,Finished,2001-08-27T00:00:00+00:00,2005-09-27T00:00:00+00:00,7.14,6702.0,['PEACH‐PIT'],"['Comedy', 'Romance', 'Sci-Fi', 'Ecchi']",[]
98,https://myanimelist.net/manga/98/Rozen_Maiden,Rozen Maiden,Rozen Maiden,Rozen Maiden,46.0,8.0,Finished,2002-08-12T00:00:00+00:00,2007-05-30T00:00:00+00:00,7.81,1260.0,['PEACH‐PIT'],"['Comedy', 'Drama', 'Supernatural']",[]
99,https://myanimelist.net/manga/99/Zombie-Loan,Zombie-Loan,Zombie-Loan,ZOMBIE-LOAN,83.0,13.0,Finished,2002-10-18T00:00:00+00:00,2011-02-18T00:00:00+00:00,7.34,4298.0,['PEACH‐PIT'],"['Action', 'Adventure', 'Comedy', 'Drama', 'Horror', 'Supernatural']",[]
100,https://myanimelist.net/manga/100/Prism_Palette,Prism Palette,,プリズムパレット,10.0,1.0,Finished,2001-09-01T00:00:00+00:00,,6.17,17707.0,['PEACH‐PIT'],"['Comedy', 'Ecchi']",['School']
101,https://myanimelist.net/manga/101/Shugo_Chara,Shugo Chara!,Shugo Chara!,しゅごキャラ！,55.0,12.0,Finished,2005-12-28T00:00:00+00:00,2010-08-03T00:00:00+00:00,7.72,1591.0,['PEACH‐PIT'],"['Award Winning', 'Comedy', 'Romance', 'Supernatural']","['Mahou Shoujo', 'School']"
102,https://myanimelist.net/manga/102/Fruits_Basket,Fruits Basket,Fruits Basket,フルーツバスケット,136.0,23.0,Finished,1998-07-18T00:00:00+00:00,2006-11-20T00:00:00+00:00,8.52,135.0,"['Takaya, Natsuki']","['Award Winning', 'Drama', 'Romance', 'Supernatural']","['Love Polygon', 'School']"
103,https://myanimelist.net/manga/103/Never_Give_Up,Never Give Up!,Never Give Up!,ネバギバ！,77.0,13.0,Finished,1999-02-05T00:00:00+00:00,2002-12-05T00:00:00+00:00,7.37,3969.0,"['Mutou, Hiromu']","['Comedy', 'Romance', 'Slice of Life']",['Showbiz']
104,https://myanimelist.net/manga/104/Yotsuba_to,Yotsuba to!,Yotsuba&!,よつばと!,,,Publishing,2003-03-21T00:00:00+00:00,,8.89,19.0,"['Azuma, Kiyohiko']","['Award Winning', 'Comedy', 'Slice of Life']","['Childcare', 'Iyashikei']"
105,https://myanimelist.net/manga/105/Kekkaishi,Kekkaishi,Kekkaishi,結界師,345.0,35.0,Finished,2004-02-18T00:00:00+00:00,2011-04-06T00:00:00+00:00,8.0,735.0,"['Tanabe, Yellow']","['Action', 'Adventure', 'Award Winning', 'Supernatural']",['Mythology']
106,https://myanimelist.net/manga/106/Cardcaptor_Sakura,Cardcaptor Sakura,Cardcaptor Sakura,カードキャプターさくら,50.0,12.0,Finished,1996-05-02T00:00:00+00:00,2000-07-03T00:00:00+00:00,8.38,227.0,['CLAMP'],"['Adventure', 'Award Winning', 'Comedy', 'Fantasy', 'Romance']",['Mahou Shoujo']
107,https://myanimelist.net/manga/107/Chobits,Chobits,Chobits,ちょびっツ,88.0,8.0,Finished,2000-09-25T00:00:00+00:00,2002-10-28T00:00:00+00:00,7.79,1320.0,['CLAMP'],"['Comedy', 'Romance', 'Sci-Fi', 'Ecchi']",['Psychological']
108,https://myanimelist.net/manga/108/Gouhou_Drug,Gouhou Drug,Legal Drug,合法ドラッグ,18.0,3.0,Finished,2000-10-06T00:00:00+00:00,2003-07-24T00:00:00+00:00,7.38,3934.0,['CLAMP'],"['Comedy', 'Mystery', 'Supernatural']",[]
109,https://myanimelist.net/manga/109/Wish,Wish,Wish,Wish,26.0,4.0,Finished,1995-10-06T00:00:00+00:00,1998-06-06T00:00:00+00:00,7.42,3516.0,['CLAMP'],"['Fantasy', 'Romance', 'Supernatural']",[]
110,https://myanimelist.net/manga/110/AI_ga_Tomaranai,AI ga Tomaranai!,A.I. Love you,AIが止まらない！,55.0,9.0,Finished,1994-04-06T00:00:00+00:00,1997-08-20T00:00:00+00:00,6.94,9546.0,"['Akamatsu, Ken']","['Comedy', 'Romance', 'Sci-Fi', 'Ecchi']","['Harem', 'School']"
111,https://myanimelist.net/manga/111/Mahoromatic,Mahoromatic,,まほろまてぃっく,45.0,8.0,Finished,1998-12-01T00:00:00+00:00,2004-07-26T00:00:00+00:00,7.43,3485.0,"['Ditama, Bow', 'Nakayama, Bunjuro']","['Action', 'Comedy', 'Romance', 'Sci-Fi', 'Ecchi']",[]
112,https://myanimelist.net/manga/112/Shin_Shunkaden,Shin Shunkaden,The Legend of Chun Hyang,新・春香伝,3.0,1.0,Finished,1992-10-20T00:00:00+00:00,1994-02-20T00:00:00+00:00,6.94,9547.0,['CLAMP'],"['Action', 'Adventure', 'Fantasy', 'Romance', 'Supernatural']",['Historical']
113,https://myanimelist.net/manga/113/Clover,Clover,Clover,Clover,20.0,4.0,Finished,1997-01-01T00:00:00+00:00,1999-01-01T00:00:00+00:00,7.53,2718.0,['CLAMP'],"['Drama', 'Fantasy', 'Romance', 'Sci-Fi']",[]
114,https://myanimelist.net/manga/114/Erementar_Gerad,Erementar Gerad,Elemental Gelade,EREMENTAR GERAD,96.0,18.0,Finished,2002-02-28T00:00:00+00:00,2009-12-28T00:00:00+00:00,7.47,3106.0,"['Azuma, Mayumi']","['Action', 'Adventure', 'Fantasy', 'Romance']",[]
115,https://myanimelist.net/manga/115/Erementar_Gerad__Aozora_no_Senki,Erementar Gerad: Aozora no Senki,Erementar Gerade: Flag of Bluesky,EREMENTAR GERAD －蒼空の戦旗－,,,Publishing,2003-06-16T00:00:00+00:00,,7.07,7606.0,"['Azuma, Mayumi']","['Action', 'Adventure', 'Fantasy', 'Romance']",[]
116,https://myanimelist.net/manga/116/hack__GU_,.hack//G.U.+,.hack//G.U.+,.hack//G.U.+,26.0,5.0,Finished,2006-01-01T00:00:00+00:00,2009-01-01T00:00:00+00:00,7.3,4712.0,"['Hamazaki, Tatsuya', 'Morita, Yuzuka']","['Action', 'Fantasy', 'Sci-Fi']",['Video Game']
117,https://myanimelist.net/manga/117/hack__Tasogare_no_Udewa_Densetsu,.hack//Tasogare no Udewa Densetsu,.hack//Legend of the Twilight,.hack//黄昏の腕輪伝説,24.0,3.0,Finished,2001-12-10T00:00:00+00:00,2003-10-10T00:00:00+00:00,7.03,8321.0,"['Hamazaki, Tatsuya', 'Idumi, Rei']","['Adventure', 'Comedy', 'Fantasy', 'Sci-Fi']",['Video Game']
118,https://myanimelist.net/manga/118/Kobato,Kobato.,Kobato.,こばと。,40.0,6.0,Finished,2004-12-18T00:00:00+00:00,2011-07-08T00:00:00+00:00,7.94,873.0,['CLAMP'],"['Adventure', 'Fantasy', 'Romance']",['Iyashikei']
119,https://myanimelist.net/manga/119/Magic_Knight_Rayearth,Magic Knight Rayearth,Magic Knight Rayearth,魔法騎士〈マジックナイト〉レイアース,15.0,3.0,Finished,1993-11-01T00:00:00+00:00,1995-02-01T00:00:00+00:00,7.6,2215.0,['CLAMP'],"['Adventure', 'Comedy', 'Fantasy']","['Isekai', 'Mahou Shoujo']"
120,https://myanimelist.net/manga/120/Maburaho,Maburaho,,まぶらほ,133.0,22.0,Finished,2001-12-20T00:00:00+00:00,2015-03-20T00:00:00+00:00,7.45,3272.0,"['Tsukiji, Toshihiko', 'Komatsu, E-ji']","['Comedy', 'Drama', 'Romance']","['Harem', 'School']"
121,https://myanimelist.net/manga/121/Hotel_Africa,Hotel Africa,Hotel Africa,非洲大饭店,,,Publishing,2005-01-01T00:00:00+00:00,,,18817.0,"['Park, Hee Jung']","['Adventure', 'Romance', 'Slice of Life']",[]
122,https://myanimelist.net/manga/122/Angel_Cup,Angel Cup,Angel Cup,엔젤컵,35.0,5.0,Finished,2001-01-01T00:00:00+00:00,,6.68,13291.0,"['Yoon, Jae Ho']","['Comedy', 'Sports']",['Team Sports']
123,https://myanimelist.net/manga/123/Tenshi_no_Su,Tenshi no Su,Angel Nest,天使の巣,7.0,1.0,Finished,2000-01-01T00:00:00+00:00,,6.56,14753.0,"['Sakurazawa, Erica']","['Drama', 'Supernatural']",[]
124,https://myanimelist.net/manga/124/Aqua,Aqua,Aqua,AQUA,10.0,2.0,Finished,2001-01-27T00:00:00+00:00,2001-09-28T00:00:00+00:00,7.93,906.0,"['Amano, Kozue']","['Sci-Fi', 'Slice of Life']",['Iyashikei']
125,https://myanimelist.net/manga/125/Arcana,Arcana,Arcana,아르카나,23.0,11.0,Finished,2003-01-01T00:00:00+00:00,,6.84,11016.0,"['Lee, So Young']",['Fantasy'],[]
126,https://myanimelist.net/manga/126/Archlord,Archlord,Archlord,아크로드,46.0,6.0,Finished,2005-09-30T00:00:00+00:00,2008-01-01T00:00:00+00:00,6.73,12623.0,"['Park, Jin-Hwan']","['Action', 'Adventure', 'Fantasy', 'Romance']",[]
127,https://myanimelist.net/manga/127/Ark_Angels,Ark Angels,,Ark Angels,12.0,3.0,Finished,2007-01-01T00:00:00+00:00,,6.32,16954.0,"['Park, Sang-Sun']","['Fantasy', 'Romance', 'Supernatural']","['Crossdressing', 'School']"
128,https://myanimelist.net/manga/128/Petshop_of_Horrors,Petshop of Horrors,Pet Shop of Horrors,Petshop of Horrors (ペットショップ オブ ホラーズ),41.0,10.0,Finished,1995-01-01T00:00:00+00:00,1998-01-01T00:00:00+00:00,8.25,360.0,"['Akino, Matsuri']","['Comedy', 'Fantasy', 'Horror', 'Mystery', 'Supernatural']",[]
129,https://myanimelist.net/manga/129/Birth,Birth,Arm of Kannon,BIRTH バース,17.0,9.0,Finished,1998-01-01T00:00:00+00:00,2003-01-01T00:00:00+00:00,6.31,17039.0,"['Yamaguchi, Masakazu']","['Fantasy', 'Horror', 'Sci-Fi']",[]
130,https://myanimelist.net/manga/130/Clamp_Gakuen_Tanteidan,Clamp Gakuen Tanteidan,Clamp School Detectives,CLAMP学園探偵団,12.0,3.0,Finished,1992-01-01T00:00:00+00:00,1993-10-01T00:00:00+00:00,6.85,10824.0,['CLAMP'],"['Comedy', 'Mystery']",[]
131,https://myanimelist.net/manga/131/Aromatic_Bitters,Aromatic Bitters,The Aromatic Bitters,アロマチック・ビターズ,11.0,2.0,Finished,2001-01-01T00:00:00+00:00,2003-01-01T00:00:00+00:00,6.6,14258.0,"['Sakurazawa, Erica']","['Drama', 'Romance']",[]
132,https://myanimelist.net/manga/132/BT_X,B'T X,B'T X,B'T X,63.0,16.0,Finished,1994-10-26T00:00:00+00:00,1999-12-26T00:00:00+00:00,6.66,13500.0,"['Kurumada, Masami']","['Action', 'Adventure', 'Drama', 'Sci-Fi']","['Mecha', 'Military']"
133,https://myanimelist.net/manga/133/Tokyo_Babylon,Tokyo Babylon,Tokyo Babylon,東京 BABYLON,18.0,7.0,Finished,1990-01-01T00:00:00+00:00,1993-01-01T00:00:00+00:00,7.99,765.0,['CLAMP'],"['Drama', 'Fantasy', 'Supernatural']",[]
134,https://myanimelist.net/manga/134/MÄR,MÄR,MÄR,MÄR,161.0,15.0,Finished,2003-05-01T00:00:00+00:00,2006-07-01T00:00:00+00:00,7.36,4088.0,"['Anzai, Nobuyuki']","['Action', 'Comedy', 'Fantasy']",['Isekai']
135,https://myanimelist.net/manga/135/MÄR_Omega,MÄR Omega,MÄR Omega,"メル Ω, メル オメガ",39.0,4.0,Finished,2006-09-01T00:00:00+00:00,2007-06-13T00:00:00+00:00,6.02,18184.0,"['Anzai, Nobuyuki', 'Hoshino, Koichiro']","['Action', 'Adventure', 'Comedy', 'Fantasy']",[]
136,https://myanimelist.net/manga/136/Rekka_no_Honoo,Rekka no Honoo,Flame of Recca,烈火の炎,330.0,33.0,Finished,1995-03-22T00:00:00+00:00,2002-10-30T00:00:00+00:00,7.73,1576.0,"['Anzai, Nobuyuki']","['Action', 'Adventure', 'Comedy', 'Fantasy', 'Romance']",[]
137,https://myanimelist.net/manga/137/ROD__Read_or_Die,R.O.D: Read or Die,Read or Die,R.O.D -READ OR DIE-,30.0,4.0,Finished,1999-12-18T00:00:00+00:00,2002-05-18T00:00:00+00:00,7.06,7797.0,"['Kurata, Hideyuki', 'Yamada, Shutarou']","['Action', 'Comedy', 'Mystery']","['Adult Cast', 'Super Power']"
138,https://myanimelist.net/manga/138/Baby_Birth,Baby Birth,Baby Birth,ベイビィバース,21.0,2.0,Finished,2001-05-01T00:00:00+00:00,2002-08-01T00:00:00+00:00,6.11,17929.0,"['Mikimoto, Haruhiko']","['Adventure', 'Fantasy']",[]
139,https://myanimelist.net/manga/139/Ba_ku,Ba_ku,Ba_ku,ばく,5.0,1.0,Finished,2003-05-01T00:00:00+00:00,,6.96,9256.0,"['Hakase, Mizuki']","['Fantasy', 'Supernatural']",[]
140,https://myanimelist.net/manga/140/Bakuretsu_Hunters,Bakuretsu Hunters,Sorcerer Hunters,爆れつハンター,72.0,13.0,Finished,1993-08-01T00:00:00+00:00,1998-10-01T00:00:00+00:00,7.07,7607.0,"['Omishi, Rei', 'Akahori, Satoru']","['Comedy', 'Fantasy', 'Ecchi']",[]
141,https://myanimelist.net/manga/141/Battle_Club,Battle Club,Battle Club,バトルクラブ,47.0,6.0,Finished,2004-04-28T00:00:00+00:00,2006-03-07T00:00:00+00:00,6.49,15551.0,"['Shiozaki, Yuji']","['Action', 'Ecchi']",['Martial Arts']
142,https://myanimelist.net/manga/142/Battle_Royale,Battle Royale,Battle Royale,バトル・ロワイアル,119.0,15.0,Finished,2000-01-01T00:00:00+00:00,2005-01-01T00:00:00+00:00,7.87,1055.0,"['Taguchi, Masayuki', 'Takami, Koushun']","['Action', 'Suspense']","['Gore', 'Psychological', 'Survival']"
143,https://myanimelist.net/manga/143/Beautiful_People,Beautiful People,Beautiful People,beautiful people,6.0,1.0,Finished,2001-10-01T00:00:00+00:00,,7.18,6206.0,"['Mihara, Mitsukazu']",['Drama'],['Psychological']
144,https://myanimelist.net/manga/144/Kamisama_Damono♥,Kamisama Damono♥,Because I'm the Goddess,神様だもの♥,19.0,3.0,Finished,2003-11-25T00:00:00+00:00,2004-12-24T00:00:00+00:00,6.75,12272.0,['Shamneko'],"['Adventure', 'Comedy', 'Supernatural', 'Ecchi']",[]
145,https://myanimelist.net/manga/145/Beck,Beck,BECK: Mongolian Chop Squad,BECK,103.0,34.0,Finished,2000-02-17T00:00:00+00:00,2008-06-05T00:00:00+00:00,8.69,53.0,"['Sakuishi, Harold']","['Award Winning', 'Drama', 'Romance']",['Music']
146,https://myanimelist.net/manga/146/Sheets_no_Sukima,Sheets no Sukima,Between the Sheets,シーツの隙間,6.0,1.0,Finished,1995-08-01T00:00:00+00:00,1996-01-01T00:00:00+00:00,6.27,17253.0,"['Sakurazawa, Erica']","['Drama', 'Romance']",[]
147,https://myanimelist.net/manga/147/Sono_Mukou_no_Mukougawa,Sono Mukou no Mukougawa,Beyond the Beyond,その向こうの向こう側,38.0,6.0,Finished,2004-03-01T00:00:00+00:00,2008-02-01T00:00:00+00:00,7.28,4999.0,"['Watanabe, Yoshitomo']","['Adventure', 'Drama', 'Fantasy']",[]
148,https://myanimelist.net/manga/148/Bird_Kiss,Bird Kiss,,버드 키스,30.0,5.0,Finished,2002-01-01T00:00:00+00:00,,6.7,12947.0,"['Park, Eun Ah']","['Comedy', 'Romance']",[]
149,https://myanimelist.net/manga/149/Blame,Blame!,Blame!,BLAME!,66.0,10.0,Finished,1997-01-25T00:00:00+00:00,2003-07-25T00:00:00+00:00,8.3,296.0,"['Nihei, Tsutomu']","['Action', 'Drama', 'Horror', 'Sci-Fi']",['Psychological']
150,https://myanimelist.net/manga/150/Western_Shotgun,Western Shotgun,Blazin' Barrels,웨스턴샷건,,40.0,Finished,2000-01-01T00:00:00+00:00,2010-01-01T00:00:00+00:00,6.77,11965.0,"['Park, Min-Seo']","['Action', 'Adventure', 'Comedy', 'Fantasy', 'Sci-Fi']",[]
151,https://myanimelist.net/manga/151/Yato_no_Kamitsukai,Yato no Kamitsukai,Blood Sucker: Legend of Zipangu,夜刀の神つかい,72.0,12.0,Finished,1994-01-01T00:00:00+00:00,2007-01-01T00:00:00+00:00,6.7,12948.0,"['Shimizu, Aki', 'Okuse, Saki']","['Action', 'Fantasy', 'Horror', 'Supernatural']",['Vampire']
152,https://myanimelist.net/manga/152/Boys_Be,Boys Be...,Boys Be...,BOYS BE…,255.0,32.0,Finished,1991-07-24T00:00:00+00:00,1996-10-30T00:00:00+00:00,6.49,15552.0,"['Tamakoshi, Hiroyuki', 'Itabashi, Masahiro']","['Comedy', 'Drama', 'Romance']",['School']
153,https://myanimelist.net/manga/153/Boys_Be_2nd_Season,Boys Be... 2nd Season,Boys Be II,BOYS BE... 2nd Season,157.0,20.0,Finished,1996-11-06T00:00:00+00:00,2000-02-23T00:00:00+00:00,6.98,9023.0,"['Tamakoshi, Hiroyuki', 'Itabashi, Masahiro']","['Comedy', 'Drama', 'Romance']",[]
155,https://myanimelist.net/manga/155/Brain_Powerd,Brain Powerd,Brain Powered,ブレンパワード,26.0,4.0,Finished,1997-11-26T00:00:00+00:00,2000-10-26T00:00:00+00:00,6.28,17233.0,"['Sugisaki, Yukiru', 'Tomino, Yoshiyuki']","['Adventure', 'Drama', 'Sci-Fi']",['Mecha']
156,https://myanimelist.net/manga/156/Sennen_no_Yuki,Sennen no Yuki,Millennium Snow,千年の雪,18.0,4.0,Finished,2000-11-24T00:00:00+00:00,2013-12-10T00:00:00+00:00,7.59,2289.0,"['Hatori, Bisco']","['Comedy', 'Drama', 'Romance', 'Supernatural']",['Vampire']
157,https://myanimelist.net/manga/157/Imadoki,Imadoki!,Nowadays,イマドキ,26.0,5.0,Finished,2000-05-01T00:00:00+00:00,2001-07-01T00:00:00+00:00,7.55,2536.0,"['Watase, Yuu']","['Comedy', 'Drama', 'Romance']",[]
158,https://myanimelist.net/manga/158/Ghost_Hunt,Ghost Hunt,Ghost Hunt,ゴーストハント,43.0,12.0,Finished,1997-12-06T00:00:00+00:00,2010-09-30T00:00:00+00:00,8.23,381.0,"['Inada, Shiho', 'Ono, Fuyumi']","['Drama', 'Horror', 'Mystery', 'Romance', 'Supernatural']",['Psychological']
159,https://myanimelist.net/manga/159/Brave_Story__Shinsetsu,Brave Story: Shinsetsu,,ブレイブ・ストーリー～新説～,199.0,20.0,Finished,2004-04-09T00:00:00+00:00,2008-05-09T00:00:00+00:00,6.77,11966.0,"['Ono, Youichirou', 'Miyabe, Miyuki']","['Action', 'Fantasy']",['Isekai']
160,https://myanimelist.net/manga/160/School_Rumble,School Rumble,School Rumble,スクールランブル,345.0,22.0,Finished,2002-10-23T00:00:00+00:00,2008-07-23T00:00:00+00:00,7.98,787.0,"['Kobayashi, Jin']","['Comedy', 'Romance']","['Gag Humor', 'Love Polygon', 'School']"
161,https://myanimelist.net/manga/161/Brigadoon__Marin_to_Melan,Brigadoon: Marin to Melan,Brigadoon,BRIGADOON まりんとメラン,10.0,2.0,Finished,2000-01-01T00:00:00+00:00,2001-01-01T00:00:00+00:00,6.63,13968.0,"['Watase, Nozomi']","['Action', 'Comedy', 'Sci-Fi']",[]
162,https://myanimelist.net/manga/162/Bus_Gamer,Bus Gamer,Bus Gamer,BUS GAMER,11.0,1.0,Finished,1999-01-01T00:00:00+00:00,2001-11-28T00:00:00+00:00,7.27,5046.0,"['Minekura, Kazuya']","['Action', 'Drama', 'Mystery']",[]
163,https://myanimelist.net/manga/163/Kimi_ni_shika_Kikoenai,Kimi ni shika Kikoenai,Calling You,きみにしか聞こえない,5.0,1.0,Finished,2003-12-01T00:00:00+00:00,,7.29,4853.0,"['Tsuzuki, Setsuri', 'Otsuichi']",['Drama'],[]
164,https://myanimelist.net/manga/164/Nousatsu_Junkie,Nousatsu Junkie,Nosatsu Junkie,悩殺ジャンキー,96.0,16.0,Finished,2003-10-04T00:00:00+00:00,2008-11-20T00:00:00+00:00,7.93,907.0,"['Fukuyama, Ryoco']","['Comedy', 'Romance']","['Crossdressing', 'School', 'Showbiz']"
165,https://myanimelist.net/manga/165/Cherry_Juice,Cherry Juice,Cherry Juice,チェリージュース,21.0,4.0,Finished,2004-06-03T00:00:00+00:00,2006-03-17T00:00:00+00:00,7.22,5654.0,"['Fukushima, Haruka']","['Comedy', 'Romance']",['School']
166,https://myanimelist.net/manga/166/Chou_Shinri_Genshou_Nouryokusha_Nanaki,Chou Shinri Genshou Nouryokusha Nanaki,Psychic Power Nanaki,超心理現象能力者 ナナキ,17.0,3.0,Finished,2003-10-20T00:00:00+00:00,2004-10-05T00:00:00+00:00,7.05,7912.0,"['Saenagi, Ryou']","['Action', 'Adventure', 'Comedy', 'Mystery', 'Supernatural']",[]
167,https://myanimelist.net/manga/167/Chronicles_of_the_Cursed_Sword,Chronicles of the Cursed Sword,Chronicles of the Cursed Sword,파검기,163.0,37.0,Finished,1999-01-01T00:00:00+00:00,2009-01-01T00:00:00+00:00,6.92,9773.0,"['Yeo, Beop-Ryong', 'Park, Hui-Jin']","['Action', 'Adventure', 'Drama', 'Fantasy']",['Martial Arts']
168,https://myanimelist.net/manga/168/Chrono_Code,Chrono Code,Chrono Code,리버사이드,18.0,2.0,Finished,2005-07-12T00:00:00+00:00,2005-10-11T00:00:00+00:00,,18818.0,"['Choi, Il-ho', 'Shin, Eui-Chul']","['Action', 'Adventure', 'Fantasy', 'Sci-Fi']",[]
169,https://myanimelist.net/manga/169/Comic_Party,Comic Party,Comic Party,こみっくパーティー,49.0,5.0,Finished,2001-01-01T00:00:00+00:00,2005-03-01T00:00:00+00:00,6.88,10479.0,"['Inui, Sekihiko', 'Aquaplus']",['Comedy'],"['Harem', 'Otaku Culture']"
170,https://myanimelist.net/manga/170/Mondaiteiki_Sakuhinshu,Mondaiteiki Sakuhinshu,Confidential Confessions,問題提起 作品集,23.0,6.0,Finished,2000-01-01T00:00:00+00:00,2002-01-01T00:00:00+00:00,7.68,1800.0,"['Momochi, Reiko']","['Drama', 'Romance']","['Psychological', 'School']"
171,https://myanimelist.net/manga/171/Deai,Deai,Confidential Confessions: Deai,であい,8.0,2.0,Finished,,,7.24,5436.0,"['Momochi, Reiko']",['Drama'],[]
172,https://myanimelist.net/manga/172/Corrector_Yui,Corrector Yui,Corrector Yui,コレクター・ユイ,11.0,5.0,Finished,1999-04-01T00:00:00+00:00,1999-12-01T00:00:00+00:00,6.73,12624.0,"['Okamoto, Keiko', 'Asamiya, Kia']","['Comedy', 'Fantasy', 'Sci-Fi']",['Strategy Game']
173,https://myanimelist.net/manga/173/Cowboy_Bebop,Cowboy Bebop,Cowboy Bebop,カウボーイビバップ,11.0,3.0,Finished,1999-04-08T00:00:00+00:00,2000-04-10T00:00:00+00:00,7.15,6599.0,"['Watanabe, Shinichirou', 'Nanten, Yutaka', 'Yatate, Hajime']","['Action', 'Adventure', 'Sci-Fi']",['Adult Cast']
174,https://myanimelist.net/manga/174/Shooting_Star_Bebop__Cowboy_Bebop,Shooting Star Bebop: Cowboy Bebop,Cowboy Bebop: Shooting Star,シューティングスタービバップ―カウボーイビバップ,10.0,2.0,Finished,1998-05-01T00:00:00+00:00,1998-10-10T00:00:00+00:00,6.7,13002.0,"['Kuga, Cain']","['Action', 'Adventure', 'Sci-Fi']",['Adult Cast']
175,https://myanimelist.net/manga/175/Touhou_Sangetsusei__Eastern_and_Little_Nature_Deity,Touhou Sangetsusei: Eastern and Little Nature Deity,,東方三月精 Eastern and Little Nature Deity,5.0,1.0,Finished,2005-03-26T00:00:00+00:00,2006-03-25T00:00:00+00:00,7.05,7913.0,"['ZUN', 'Matsukura, Nemu']","['Comedy', 'Fantasy']",[]
176,https://myanimelist.net/manga/176/Chocotto_Sister,Chocotto Sister,Chocotto Sister,ちょこッとSister,71.0,8.0,Finished,2003-12-19T00:00:00+00:00,2007-04-27T00:00:00+00:00,7.1,7222.0,"['Zappa, Gou', 'Takeuchi, Sakura']","['Comedy', 'Romance', 'Slice of Life', 'Ecchi']",[]
177,https://myanimelist.net/manga/177/Tsuiteru_Kanojo,Tsuiteru Kanojo,,ツイてるカノジョ,9.0,2.0,Finished,2004-08-09T00:00:00+00:00,2005-06-09T00:00:00+00:00,6.96,9257.0,"['Zappa, Gou', 'Fujima, Takuya']","['Comedy', 'Drama', 'Romance', 'Supernatural', 'Ecchi']",[]
178,https://myanimelist.net/manga/178/Bokutachi_wa_Asu_ni_Mukatte_Ikiru_no_da,Bokutachi wa Asu ni Mukatte Ikiru no da,Living for Tomorrow,僕たちは明日に向かって生きるのだ,7.0,1.0,Finished,2005-01-31T00:00:00+00:00,,7.31,,"['Tsuda, Mikiyo']","['Boys Love', 'Drama', 'Romance', 'Erotica']",[]
179,https://myanimelist.net/manga/179/Color,Color,Color,カラー,5.0,1.0,Finished,1999-02-01T00:00:00+00:00,,7.18,,"['Tsuda, Mikiyo', 'Eiki, Eiki']","['Boys Love', 'Romance', 'Erotica']",['School']
180,https://myanimelist.net/manga/180/Zurui_Otoko,Zurui Otoko,,ズルい男,6.0,1.0,Finished,2001-01-01T00:00:00+00:00,,6.23,,"['Hanafubuki, Sakurako']","['Boys Love', 'Erotica']",[]
181,https://myanimelist.net/manga/181/Zombieya_Reiko,Zombieya Reiko,Reiko the Zombie Shop,ゾンビ屋れい子,58.0,11.0,Finished,1998-06-06T00:00:00+00:00,2004-03-06T00:00:00+00:00,7.02,8378.0,"['Mikamoto, Rei']",['Horror'],[]
182,https://myanimelist.net/manga/182/Zombie_Hunter,Zombie Hunter,,死霊狩り,26.0,4.0,Finished,1999-01-01T00:00:00+00:00,2000-01-01T00:00:00+00:00,6.75,12273.0,"['Hirai, Kazumasa', 'Yang, Kyung-il']","['Action', 'Horror']",[]
183,https://myanimelist.net/manga/183/Zoku_Shishunki_Miman_Okotowari,Zoku Shishunki Miman Okotowari,,続・思春期未満お断り,10.0,3.0,Finished,1992-01-14T00:00:00+00:00,1994-01-14T00:00:00+00:00,6.92,9774.0,"['Watase, Yuu']","['Comedy', 'Romance']",[]
184,https://myanimelist.net/manga/184/Shishunki_Miman_Okotowari,Shishunki Miman Okotowari,,思春期未満お断り,18.0,3.0,Finished,1990-12-20T00:00:00+00:00,1991-01-01T00:00:00+00:00,7.02,8379.0,"['Watase, Yuu']","['Comedy', 'Drama', 'Romance']",[]
185,https://myanimelist.net/manga/185/Shishunki_Miman_Okotowari_Kanketsuhen,Shishunki Miman Okotowari Kanketsuhen,,思春期未満お断り・完結編,3.0,1.0,Finished,2000-06-01T00:00:00+00:00,,6.96,9258.0,"['Watase, Yuu']",[],[]
186,https://myanimelist.net/manga/186/Zoku_-_Kindan_no_Koi_wo_Shiyou,Zoku - Kindan no Koi wo Shiyou,,続・禁断の恋をしよう,4.0,1.0,Finished,2001-01-01T00:00:00+00:00,,7.38,3935.0,"['Ohmi, Tomu']","['Fantasy', 'Romance']",[]
187,https://myanimelist.net/manga/187/Kindan_no_Koi_wo_Shiyou,Kindan no Koi wo Shiyou,,禁断の恋をしよう,5.0,1.0,Finished,2000-01-01T00:00:00+00:00,,7.28,5000.0,"['Ohmi, Tomu']","['Drama', 'Fantasy', 'Romance']",[]
188,https://myanimelist.net/manga/188/Kindan_no_Koi_de_Ikou,Kindan no Koi de Ikou,,禁断の恋でいこう,50.0,10.0,Finished,2001-01-01T00:00:00+00:00,2005-01-01T00:00:00+00:00,7.78,1374.0,"['Ohmi, Tomu']","['Drama', 'Fantasy', 'Romance']",[]
190,https://myanimelist.net/manga/190/Juunikyuu_de_Tsukamaete,Juunikyuu de Tsukamaete,Zodiac P.I.,十二宮でつかまえて,20.0,4.0,Finished,2001-03-03T00:00:00+00:00,2002-12-03T00:00:00+00:00,7.37,3970.0,"['Ando, Natsumi']","['Action', 'Fantasy', 'Mystery', 'Romance', 'Supernatural']",[]
191,https://myanimelist.net/manga/191/Zipang,Zipang,,ジパング,422.0,43.0,Finished,2000-07-27T00:00:00+00:00,2009-11-05T00:00:00+00:00,7.58,2370.0,"['Kawaguchi, Kaiji']","['Action', 'Award Winning', 'Drama', 'Sci-Fi']","['Adult Cast', 'Historical', 'Military', 'Time Travel']"
192,https://myanimelist.net/manga/192/Zip-Up_Boy,Zip-Up Boy,,Zip-up Boy,4.0,1.0,Finished,1998-01-01T00:00:00+00:00,,5.8,,"['Kasama, Rumi']","['Boys Love', 'Drama', 'Erotica']",[]
193,https://myanimelist.net/manga/193/Zig☆Zag,Zig☆Zag,Zig☆Zag,ZIG☆ZAG,44.0,9.0,Finished,2004-09-24T00:00:00+00:00,2008-09-24T00:00:00+00:00,6.97,9065.0,"['Nakaji, Yuki']","['Comedy', 'Drama', 'Romance']",['School']
194,https://myanimelist.net/manga/194/Mai,Mai,"Mai, The Psychic Girl",舞,53.0,6.0,Finished,1985-01-01T00:00:00+00:00,1986-01-01T00:00:00+00:00,6.72,12674.0,"['Kudo, Kazuya', 'Ikegami, Ryouichi']","['Action', 'Supernatural']",[]
195,https://myanimelist.net/manga/195/Zig_x_Zag,Zig x Zag,,ZIG×ZAG,8.0,2.0,Finished,2000-11-13T00:00:00+00:00,2001-06-13T00:00:00+00:00,6.7,12950.0,"['Yasunaga, Kei']","['Drama', 'Sports']",[]
196,https://myanimelist.net/manga/196/Zeus,Zeus,Zeus,ゼウス,3.0,2.0,Finished,1997-10-01T00:00:00+00:00,1998-09-01T00:00:00+00:00,6.18,17702.0,"['Higuri, You']","['Action', 'Boys Love', 'Fantasy']",['Psychological']
197,https://myanimelist.net/manga/197/Zettai_Unmei_Houteishiki,Zettai Unmei Houteishiki,,絶対運命方程式,4.0,1.0,Finished,2004-09-25T00:00:00+00:00,,7.08,,"['Fuwa, Shinri']","['Boys Love', 'Erotica']",[]
198,https://myanimelist.net/manga/198/Gravity_Eyes,Gravity Eyes,Gravity Eyes,グーラビティ・アイズ,8.0,2.0,Finished,2007-01-01T00:00:00+00:00,2008-05-01T00:00:00+00:00,7.61,,"['Fuwa, Shinri']","['Boys Love', 'Erotica']",[]
199,https://myanimelist.net/manga/199/Ningyo_Series,Ningyo Series,,人魚シリーズ,16.0,3.0,Finished,1984-08-01T00:00:00+00:00,1994-02-01T00:00:00+00:00,7.41,3650.0,"['Takahashi, Rumiko']","['Horror', 'Romance', 'Supernatural']",[]
200,https://myanimelist.net/manga/200/Tsumasaki_ni_Kiss,Tsumasaki ni Kiss,A Gentleman's Kiss,爪先にキス,8.0,2.0,Finished,2005-01-01T00:00:00+00:00,2006-01-01T00:00:00+00:00,7.53,,"['Fuwa, Shinri']","['Boys Love', 'Drama', 'Erotica']",[]
